Id,Designator,Package,Quantity,Designation,Supplier and ref,check
1,"C7,C3",C_0805_2012Metric_Pad1.18x1.45mm_HandSolder,2,2.2uF,,x
2,",REF**,REF**,",MountingHole_3.7mm_Pad_Via,4,MountingHole_3.7mm_Pad_Via,,x
3,J2,PinSocket_1x02_P2.54mm_Vertical,1,Conn_01x02_Male,,x
4,J1,PinSocket_1x02_P2.54mm_Vertical,1,Conn_01x02_Female,,x
5,SW1,SW_SPST_PTS645,1,SW_MEC_5G,,x
6,C25,CP_EIA-7343-31_Kemet-D_Pad2.25x2.55mm_HandSolder,1,100uF,,x
7,C22,CP_EIA-7343-31_Kemet-D_Pad2.25x2.55mm_HandSolder,1,0.1uF,,x
8,R14,R_0805_2012Metric_Pad1.20x1.40mm_HandSolder,1,10k,,x
9,U4,LD39050PUR,1,LD39050PU33R,,x
10,U5,SOIC-8_3.9x4.9mm_P1.27mm,1,REF5050AD,,x
11,U2,Bosch_LGA-8_3x3mm_P0.8mm_ClockwisePinNumbering,1,BME680,,x
12,U1,SOT-223-3_TabPin2,1,LD1117S50TR_SOT223,,x
13,"R13,R10,R9",R_0805_2012Metric_Pad1.20x1.40mm_HandSolder,3,0,,x
14,"R12,R11",R_0805_2012Metric_Pad1.20x1.40mm_HandSolder,2,100,,x
15,R8,R_0805_2012Metric_Pad1.20x1.40mm_HandSolder,1,1,,x
16,"R7,R6,R5",R_0805_2012Metric_Pad1.20x1.40mm_HandSolder,3,22,,x
17,"R4,R3,R2,R1",R_0805_2012Metric_Pad1.20x1.40mm_HandSolder,4,R,,
18,L1,L_0805_2012Metric_Pad1.15x1.40mm_HandSolder,1,dnp,,
19,J9,U.FL_Hirose_U.FL-R-SMT-1_Vertical,1,Conn_Coaxial,,x
20,J8,PinHeader_1x04_P2.54mm_Vertical,1,Conn_01x04_Male,,x
21,J7,PinHeader_1x06_P2.54mm_Vertical,1,Conn_01x06_Female,,x
22,"J6,J10",PinHeader_1x05_P2.54mm_Vertical,2,Conn_01x05_Female,,x
23,D1,D_SMB-SMC_Universal_Handsoldering,1,D,,x
24,"C29,C27",C_0805_2012Metric_Pad1.18x1.45mm_HandSolder,2,dnp,,
25,"C28,C11,C9,C6,C4",C_0805_2012Metric_Pad1.18x1.45mm_HandSolder,5,100nF,,x
26,C26,C_0805_2012Metric_Pad1.18x1.45mm_HandSolder,1,4.7uF,,x
27,"C24,C21,C10,C8",C_0805_2012Metric_Pad1.18x1.45mm_HandSolder,4,1uF,,x
28,C23,C_0805_2012Metric_Pad1.18x1.45mm_HandSolder,1,1uF to 50uF,,x
29,"C20,C19,C18,C17",NFM21PC105B1C3D,4,C_Feedthrough,,x
30,"C16,C15,C13,C12",C_0805_2012Metric_Pad1.18x1.45mm_HandSolder,4,100pF,,x
31,C14,C_0805_2012Metric_Pad1.18x1.45mm_HandSolder,1,1uF to 10 uF ,,x
32,C5,CP_EIA-3216-18_Kemet-A_Pad1.58x1.35mm_HandSolder,1,10uF,,x
33,C2,C_1210_3225Metric_Pad1.33x2.70mm_HandSolder,1,0.1uF,,x
34,C1,CP_EIA-3528-21_Kemet-B_Pad1.50x2.35mm_HandSolder,1,10uF,,x
35,J5,PinHeader_1x06_P2.54mm_Vertical,1,Conn_01x06_Male,,
36,J4,PinHeader_1x03_P2.54mm_Vertical,1,Conn_01x03_Male,,
37,U3,ADS1232IPW,1,PW0024A_N,,x
38,U6,LoRa-E5,1,LoRa-E5,,x
39,,CRE1S0505SC,1,CRE1S0505SC,,
40,G***,logo_mellia,1,MELLIA,,x
